{
  "hash": "5f4f6c8d",
  "browserHash": "5097a44b",
  "optimized": {
    "@angular/common": {
      "src": "../../../../../node_modules/@angular/common/fesm2022/common.mjs",
      "file": "@angular_common.js",
      "fileHash": "0cc2cb01",
      "needsInterop": false
    },
    "@angular/core": {
      "src": "../../../../../node_modules/@angular/core/fesm2022/core.mjs",
      "file": "@angular_core.js",
      "fileHash": "d17468a4",
      "needsInterop": false
    },
    "@angular/platform-browser": {
      "src": "../../../../../node_modules/@angular/platform-browser/fesm2022/platform-browser.mjs",
      "file": "@angular_platform-browser.js",
      "fileHash": "421bd0d2",
      "needsInterop": false
    },
    "@angular/router": {
      "src": "../../../../../node_modules/@angular/router/fesm2022/router.mjs",
      "file": "@angular_router.js",
      "fileHash": "cf8eacb4",
      "needsInterop": false
    }
  },
  "chunks": {
    "chunk-5H6VP7Q2": {
      "file": "chunk-5H6VP7Q2.js"
    },
    "chunk-VGJFGOGV": {
      "file": "chunk-VGJFGOGV.js"
    },
    "chunk-YVFDKDCQ": {
      "file": "chunk-YVFDKDCQ.js"
    }
  }
}